id,value,target,status
R1,"IP65 enclosure, ePTFE vent; 2 glands, 2 capped M12 ports, antenna bulkhead, all IP67 class","IP65, sealed penetrations",Met by design (sealing of fitted glands not verifiable at TRL 3)
R2,"Electronics -20 to +70 C; hot day peak 58.7 C clean, 66.2 C dusty; worst sun position 73.3 C dusty; no charge while the cell is below 0 C",-20 to +45 C ambient; -20 to +70 C inside,At risk
R3,"Hot-day peak 58.7 C clean, 66.2 C dusty; 48.5 C with the proposed shield; worst sun position 63.3 C",60 C or less at 45 C ambient,Not met
R4,NTC on the cell gates the charger at 0 and 45 C,Charging blocked below 0 C and above 45 C,Met by design
R5,Worst month: stored 7.75 Wh/day against 2.67 Wh/day drawn (2.9 times); hot clear day without shield 0.8 Wh stored; no charge on clear days below about -13 C; Vmp headroom -0.05 V when hot,Harvest exceeds demand at 2 peak sun hours,At risk
R6,5.75 d at 100 mW; 5.00 d at 115 mW; 4.03 d at -20 C; 4.60 d at end of life,5 days or more at full allowance,At risk
R7,Allowance 115.0 mW for exactly 5 days; 100 mW design value,100 mW or more,Met on paper
R8,SF9 budget 145.0 dB; Hata suburban loss 126.4 dB at 2 km (30 m gateway); margin 18.6 dB,2 km suburban at SF9 or faster,Met on paper
R9,23.7 s/day at SF9; 43.5 s at SF10; 173.8 s at SF12 (15 min),30 s/day or less at the default interval,At risk (not met at SF10 to SF12)
R10,30 days = 90 kB of 16 MB flash; backlog upload limited by fair use,30 days or more kept on the node,Met on paper
R11,"Two M12 5-pin ports: V+, GND and three signal pins; one switched rail per port, 3.3, 5 or 12 V","Two sealed ports, I2C, UART or RS-485, analog, switched rails",Met on paper (pinout awaiting adopting projects)
R12,V-block seats 40 to 60 mm poles; install estimate 15 min,40 to 60 mm poles and walls; 15 min or less,Not verifiable at TRL 3 (install time); fit met by design
R13,Clamp pull 59 N against 2000 N; slip factor 13; bracket factor 32,35 m/s gusts without loosening,Met on paper (band preload assumed)
R14,2.41 kg; 2.56 kg with the proposed shield,2.5 kg or less,At risk
R15,"Cell swap estimate 7 min, screwdriver, plug-in cell lead","10 min or less, no soldering",Met by design
R16,$126.00,"$150 or less (FieldNode core, gateway excluded)",Met on paper
R17,CERN-OHL-S-2.0 and MIT; standard LoRaWAN,"Open files, any network server",Met by design
R18,Core forwards only what the sensor firmware passes,No images or audio leave the node,Met by design
